Designator,Footprint,Quantity,Value,LCSC Part #
"D1, D2, D3, D4, D5",LED_D3.0mm,5,LED,
J1,AudioJack_3.5mm,1,Reset,
J10,PinHeader_1x14_P2.54mm_Vertical,1,Con4_Top,
J2,AudioJack_3.5mm,1,Clock_in,
J3,AudioJack_3.5mm,1,Gate_Out,
J4,AudioJack_3.5mm,1,CV,
J6,PinHeader_1x10_P2.54mm_Vertical,1,Con1_Top,
J8,PinHeader_1x10_P2.54mm_Vertical,1,Con2_Top,
J9,PinHeader_1x10_P2.54mm_Vertical,1,Con3_Top,
"RV2, RV3, RV4, RV5, RV6",Potentiometer_RV09,5,B100k,
SW1,SPDT_Tayda,1,Gate1,
SW2,SPDT_Tayda,1,Gate2,
SW3,SPDT_Tayda,1,Gate3,
SW4,SPDT_Tayda,1,Gate4,
SW5,SPDT_Tayda,1,Gate5,
"SW6, SW7",DPDT_Tayda,2,SW_DPDT_x2,
